{"accuracy_da": [[0.9, 0.9, 0.9, 0.9, 0.9, 0.9, 0.9, 0.9, 0.9, 0.9, 0.9, 0.9, 0.9, 0.9, 0.9, 0.9], [0.9, 0.9, 0.9, 0.9, 0.905, 0.9, 0.9, 0.9, 0.9, 0.9, 0.9, 0.9, 0.9, 0.9, 0.9, 0.9], [0.9, 0.9, 0.9, 0.9, 0.9, 0.9, 0.9, 0.9, 0.9, 0.9, 0.9, 0.9, 0.9, 0.9, 0.9, 0.9], [0.9, 0.9, 0.9, 0.9, 0.9, 0.9, 0.9, 0.905, 0.9, 0.9, 0.9, 0.9, 0.9, 0.9, 0.9, 0.9], [0.9, 0.9, 0.9, 0.9, 0.9, 0.9, 0.905, 0.9, 0.9, 0.9, 0.9, 0.9, 0.9, 0.9, 0.9, 0.9], [0.9, 0.9, 0.9, 0.9, 0.9, 0.9, 0.9, 0.9, 0.9, 0.9, 0.9, 0.9, 0.9, 0.9, 0.9, 0.9], [0.9, 0.9, 0.9, 0.9, 0.9, 0.9, 0.905, 0.9, 0.9, 0.9, 0.9, 0.9, 0.9, 0.9, 0.9, 0.9], [0.9, 0.9, 0.9, 0.9, 0.9, 0.9, 0.9, 0.9, 0.9, 0.9, 0.9, 0.9, 0.9, 0.9, 0.9, 0.9], [0.9, 0.9, 0.9, 0.9, 0.9, 0.9, 0.9, 0.9, 0.9, 0.9, 0.9, 0.9, 0.9, 0.9, 0.9, 0.9]], "accuracy_d": [[0.9, 0.9, 0.9, 0.9, 0.9, 0.9, 0.9, 0.9, 0.9, 0.9, 0.9, 0.9, 0.9, 0.9, 0.9, 0.9], [0.9, 0.9, 0.9, 0.9, 0.9, 0.9, 0.9, 0.9, 0.9, 0.9, 0.9, 0.9, 0.9, 0.9, 0.9, 0.9], [0.9, 0.9, 0.9, 0.9, 0.9, 0.9, 0.9, 0.9, 0.9, 0.9, 0.9, 0.9, 0.9, 0.9, 0.9, 0.9], [0.9, 0.9, 0.9, 0.9, 0.9, 0.9, 0.9, 0.905, 0.9, 0.9, 0.9, 0.9, 0.9, 0.9, 0.9, 0.9], [0.9, 0.9, 0.9, 0.9, 0.9, 0.9, 0.9, 0.91, 0.9, 0.9, 0.9, 0.9, 0.9, 0.9, 0.9, 0.9], [0.9, 0.9, 0.9, 0.9, 0.9, 0.9, 0.9, 0.9, 0.9, 0.905, 0.9, 0.9, 0.9, 0.9, 0.905, 0.9], [0.9, 0.9, 0.9, 0.9, 0.9, 0.9, 0.9, 0.9, 0.9, 0.9, 0.9, 0.9, 0.9, 0.905, 0.9, 0.9], [0.9, 0.9, 0.9, 0.9, 0.9, 0.9, 0.9, 0.9, 0.9, 0.9, 0.9, 0.9, 0.9, 0.9, 0.9, 0.9], [0.9, 0.9, 0.9, 0.9, 0.9, 0.9, 0.905, 0.9, 0.9, 0.9, 0.9, 0.9, 0.9, 0.9, 0.9, 0.9]], "accuracy_r": [[0.9, 0.9, 0.9, 0.9, 0.9, 0.9, 0.9, 0.9, 0.9, 0.9, 0.9, 0.9, 0.9, 0.9, 0.9, 0.9], [0.9, 0.9, 0.9, 0.9, 0.9, 0.9, 0.9, 0.9, 0.9, 0.9, 0.9, 0.9, 0.9, 0.9, 0.9, 0.9], [0.9, 0.9, 0.9, 0.9, 0.9, 0.9, 0.9, 0.9, 0.9, 0.9, 0.9, 0.9, 0.9, 0.9, 0.9, 0.9], [0.9, 0.9, 0.9, 0.9, 0.9, 0.9, 0.9, 0.9, 0.9, 0.9, 0.9, 0.9, 0.9, 0.9, 0.9, 0.9], [0.9, 0.9, 0.9, 0.9, 0.9, 0.9, 0.905, 0.9, 0.9, 0.905, 0.9, 0.9, 0.9, 0.9, 0.9, 0.9], [0.9, 0.9, 0.9, 0.9, 0.9, 0.9, 0.9, 0.905, 0.9, 0.905, 0.905, 0.9, 0.9, 0.9, 0.9, 0.9], [0.9, 0.905, 0.9, 0.9, 0.9, 0.9, 0.9, 0.9, 0.9, 0.9, 0.9, 0.9, 0.9, 0.9, 0.9, 0.9], [0.9, 0.9, 0.9, 0.9, 0.9, 0.9, 0.9, 0.9, 0.905, 0.9, 0.9, 0.9, 0.9, 0.9, 0.9, 0.9], [0.9, 0.9, 0.9, 0.9, 0.9, 0.9, 0.9, 0.9, 0.9, 0.9, 0.9, 0.9, 0.9, 0.9, 0.9, 0.9]], "geometry_da": [[152.4438506849968, 245.34678481963334, 118.79097109802306, 64.43501575942733, 64.8222882513903, 47.499002271649786, 61.10437004227121, 97.38674141041206, 50.657705727122476, 99.18244286066981, 260.1972882909713, 102.53315404001364, 38.685266046595345, 53.62110989885592, 188.0265064564252, 43.763235744516855], [25.412695545984732, 55.26922894189755, 82.66504355863431, 77.82835486126001, 120.06798690158249, 119.43397539910245, 152.72705415158134, 197.15858868367428, 127.07302799629345, 99.64352030798084, 132.94054870265686, 86.80716188414371, 100.83340544980656, 86.10380082383408, 241.2176846465863, 84.47650514055617], [12.714896671620423, 19.84919439762356, 28.479766111379814, 28.08636177695565, 42.01733758610596, 46.420124058771066, 52.551458269144725, 78.47915197992849, 70.59416392369813, 85.05477682162355, 73.20136720039775, 85.86673843302253, 82.43886781692629, 92.81964249728634, 99.97622422739195, 113.80993823833916], [7.302218415659071, 12.064665516730402, 14.593352870617704, 16.885098114087505, 21.667060436048214, 25.201628259643787, 24.888105492333363, 33.148176796032956, 30.768932586649456, 32.40586391851727, 34.19611309955154, 34.380830442991765, 33.68185557318323, 33.98027325082795, 35.61846225268878, 38.15794162346956], [5.842215442103615, 7.247689616870762, 8.87932624681029, 8.611986976216699, 11.4166336342944, 13.66102994817761, 13.140076092260777, 16.31145606858699, 16.44780104410915, 17.63856926991516, 18.404957049813135, 19.259733913905784, 18.089504172010134, 21.18820260314985, 18.779720757067178, 21.04366544107237], [4.278817894285901, 5.595039641639886, 6.1612273817619405, 6.927412969573386, 7.702628219791802, 9.312559800102349, 9.064077198693855, 9.96920770553532, 10.157638175662955, 10.952111660906226, 11.587577288278649, 12.130276001823079, 12.44879624015735, 11.763749002307732, 11.55843927152271, 12.66355347405538], [3.895724673448911, 4.194566486535341, 4.56309746357345, 5.596590631058509, 5.965184834403855, 6.964260606940191, 6.767030560501264, 7.709019706926263, 7.766090169389437, 8.13111955761071, 8.315456880352242, 8.636205786217594, 8.419423517839743, 8.935789570664797, 8.620358809984927, 8.93841636971886], [3.3017290084315265, 3.730497564686677, 4.1482673132385806, 5.070386192118333, 5.20415409601272, 5.74373264699938, 5.488784573410586, 6.105405696817931, 6.018819678654679, 6.51608844348866, 7.047053421310824, 7.152938073009128, 6.962175476331813, 7.919923447690929, 7.340806681825755, 7.315369313827508], [2.3734360187585297, 3.5682524932057045, 3.5943020649565547, 4.547971425034665, 4.355323488839417, 5.021945595630768, 4.819006267297313, 5.360606281083905, 5.089105306173466, 5.312754257305935, 5.606991293470923, 5.7837410355790935, 5.653575842905435, 6.17449439839079, 6.100671827524498, 6.053556523874058]], "geometry_d": [[43.272785601239875, 39.29861143693918, 24.418811578334843, 41.35753781050378, 24.809063302589305, 18.17611421942324, 43.72833316127855, 54.38322268987372, 50.762735143204466, 428.3374304432954, 334.3573632945857, 117.60835657228957, 56.063877248071826, 63.10428783036465, 206.8714517630387, 55.14974956282811], [16.0079664181044, 30.1315558271091, 37.016319303892544, 28.263188750849373, 38.885069218057396, 33.540694518781635, 42.22173567955855, 47.1440124381673, 32.66876289283013, 26.178991808650252, 47.75869479470117, 64.95463627826676, 40.869667530723866, 34.22198392177416, 221.35120638343844, 35.44119983422849], [7.299302747165316, 11.839715619106123, 13.174906504599084, 11.59563969474159, 16.31754525762257, 17.019554682687172, 18.596739052966463, 28.223940930703193, 23.501510700981093, 23.156120317309046, 22.10989912754311, 24.95566716021013, 19.33762942638476, 21.030128951888102, 20.865030861024238, 22.960456417422797], [5.247865004755773, 6.502869994761765, 8.377031283891803, 8.73315122176374, 10.025288954504928, 11.464442969342869, 11.692745759264588, 14.512933247984973, 12.732654211283894, 13.695799595118507, 14.200427906350017, 13.07553682961185, 12.740044944329508, 11.867528970870877, 12.709331034257817, 13.057387905237816], [4.9379986111805145, 5.3671347990012945, 5.373960089207862, 5.400255114400388, 6.803343656543244, 7.659900196620099, 6.729495854733697, 7.649705118785145, 8.117694308947234, 8.54663579046489, 8.68129306191252, 8.900802739307446, 8.60481030998425, 8.865598520936087, 7.732408482096543, 9.030686325826107], [3.3914449879422923, 4.05764021970631, 4.260025335897566, 4.3668977106822, 4.705940209450328, 5.387666646120285, 5.2018321768876525, 5.73219905543241, 5.689747550527813, 6.1447076400567635, 6.276619501719991, 6.438599447903009, 6.285844229799191, 5.600615269371987, 5.686403552871251, 6.099753298900077], [2.925796522727244, 3.5813016877368615, 3.372690458633903, 3.407591863767996, 3.643108373847682, 4.3631876770211715, 4.260995669382049, 4.987256561325876, 5.153697147408634, 5.1117354652739975, 5.011511788509453, 5.1045180049124586, 4.886668652701508, 4.919651341582351, 4.585023311477681, 4.674158516237963], [3.0565548250041883, 2.982250459593502, 2.6875513969346767, 3.4453059762430454, 3.341827679382719, 3.440829995968608, 3.5478029108084828, 3.3998334689058614, 3.608587966233126, 3.8090713017783253, 3.9816577888877083, 4.099615544968286, 3.9248172032728315, 4.268965314623547, 3.884156984319095, 3.950903073739515], [2.1370350558636892, 2.6411920177473225, 2.93179391372392, 2.960309180699999, 2.698045311563817, 3.2196615490723652, 2.9805700788994605, 3.2239150414135582, 3.2140432204127025, 3.067729168790466, 3.108470741676191, 3.136628178597313, 2.9822283926097795, 3.3420418438355624, 3.3132788355984344, 3.3513191293834086]],